INSERT INTO activity (name, description, icon) VALUES 
('Drink','Drinking event.','fa-beer'),
('Eat','Eating event.','fa-utensils'),
('Sleep','Sleeping event.','fa-moon'),
('Medication','Taking medication.','fa-pills'),
('Sex','Having sex.','fa-heart'),
('Bathroom','Using the bathroom.','fa-bath'),
('Exercise','Doing exercise.','fa-football-ball'),
('Relax','Relaxing.','fa-hand-peace'),
('Note','Generic note.','fa-sticky-note');

INSERT INTO public.auth_user
(password, last_login, is_superuser, username, first_name, last_name, email, is_staff, is_active, date_joined) VALUES
('pbkdf2_sha256$36000$usemzdFnEivt$Wpb4Z2zJq/YUrg8FFN+y/qzB20pDeJfqg2CE24ey5nc=', NULL, true, 'constantino', 'Constantino', 'Schillebeeckx', 'titou@gmail.com', true, true, '2018-02-26 17:12:31.240'),
('pbkdf2_sha256$36000$wLBJNgE16iS4$1NFzUVoGAmIq6phn61H0LDbeJrcZHSOLbxfzpiivkwc=', '2018-02-27 16:42:57.534', false, 'meow', 'meow', 'meow', 'meow@gmail.com', false, true, '2018-02-27 16:42:57.449');

INSERT INTO questionnaire (name, description, form_header) VALUES 
('GAD-7','Generalized Anxiety Disorder 7 (GAD-7) is a self-reported questionnaire for screening and severity measuring of generalized anxiety disorder (GAD).','Over the last <b>2 weeks</b>, how often have you been bothered by the following problems?'),
('PHQ-9','The PHQ-9 is a 9-question instrument given to patients in a primary care setting to screen for the presence and severity of depression.','Over the last <b>2 weeks</b>, how often have you been bothered by any of the following problems?'),
('Daily','My own custom daily questionnaire.','For each of the following emotions, respond with how strongly you agree or disgree with the statement: <b>Today</b> I felt ...'),
('Summary', 'Questionnaire to get a single, summarizing stat for each affect.','<b>Today</b>, I generally felt ...');

INSERT INTO question (question, questionnaire_id) VALUES
('Feeling nervous, anxious or on edge','GAD-7'),
('Not being able to stop or control worrying','GAD-7'),
('Worrying too much about different things','GAD-7'),
('Trouble relaxing','GAD-7'),
('Being so restless that it is hard to sit still','GAD-7'),
('Becoming easily annoyed or irritable','GAD-7'),
('Feeling afraid as if something awful might happen','GAD-7'),
('Little interest or pleasure in doing things','PHQ-9'),
('Feeling down, depressed, or hopeless','PHQ-9'),
('Trouble falling or staying asleep, or sleeping too much','PHQ-9'),
('Feeling tired or having little energy','PHQ-9'),
('Poor appetite or overeating','PHQ-9'),
('Feeling bad about yourself — or that you are a failure or have let yourself or your family down','PHQ-9'),
('Trouble concentrating on things, such as reading the newspaper or watching television','PHQ-9'),
('Moving or speaking so slowly that other people could have noticed? Or the opposite — being so fidgety or restless that you have been moving around a lot more than usual ','PHQ-9'),
('Thoughts that you would be better off dead or of hurting yourself in some way','PHQ-9'),
('hopeful','Daily'),
('cheerful','Daily'),
('enthusiastic','Daily'),
('interested, engaged and stimulated','Daily'),
('I liked myself','Daily'),
('satisfied','Daily'),
('tranquil','Daily'),
('purposeful / meaningful','Daily'),
('my life was worth living','Daily'),
('uneasy / nervous / tense','Daily'),
('stressed','Daily'),
('overwhelmed','Daily'),
('ruminative / can''t concentrate','Daily'),
('impending doom','Daily'),
('nervous when my normal routine was disturbed','Daily'),
('that various situations made me worry','Daily'),
('I had difficulty calming down','Daily'),
('I had sudden feelings of panic','Daily'),
('hopeless','Daily'),
('sad','Daily'),
('tired','Daily'),
('discouraged','Daily'),
('low self-esteem / worthless','Daily'),
('guilt','Daily'),
('lonely','Daily'),
('like a failure','Daily'),
('like hurting myself','Daily'),
('that my life is empty','Daily'),
('that nothing is interesting','Daily'),
('I had no reason for living','Daily'),
('happy','Summary'),
('anxious','Summary'),
('depressed','Summary');

INSERT INTO available_response (score, label, questionnaire_id) VALUES 
(0,'Not at all','GAD-7'),
(1,'Several days','GAD-7'),
(2,'More than half the days','GAD-7'),
(3,'Nearly every day','GAD-7'),
(0,'Not at all','PHQ-9'),
(1,'Several days','PHQ-9'),
(2,'More than half the days','PHQ-9'),
(3,'Nearly every day','PHQ-9'),
(1,'Strongly disagree','Daily'),
(2,'Disagree','Daily'),
(3,'Slightly disagree','Daily'),
(4,'Neither agree or disagree','Daily'),
(5,'Slightly agree','Daily'),
(6,'Agree','Daily'),
(7,'Strongly agree','Daily'),
(1,'Strongly disagree','Summary'),
(2,'Disagree','Summary'),
(3,'Slightly disagree','Summary'),
(4,'Neither agree or disagree','Summary'),
(5,'Slightly agree','Summary'),
(6,'Agree','Summary'),
(7,'Strongly agree','Summary');
